Customer_Segment,Return_Ratio
High Value,2091.4050636176275
Low Value,390.7999383346518
Medium Value,410.0419614388513
